模型名称,均方误差(MSE),平均绝对误差(MAE),决定系数(R²)
随机森林,737751334.2135847,17488.6672362851,0.7130048774405099
梯度提升,898688599.9288473,18204.569716583977,0.6503981315678292
